VAN_CS1_042,Goldshire Footman,Neutral,Rarity.FREE,1,1,2,<b>Taunt</b>
VAN_CS1_069,Fen Creeper,Neutral,Rarity.COMMON,5,3,6,<b>Taunt</b>
VAN_CS2_117,Earthen Ring Farseer,Neutral,Rarity.COMMON,3,3,3,<b>Battlecry:</b> Restore #3_Health.
VAN_CS2_118,Magma Rager,Neutral,Rarity.FREE,3,5,1,
VAN_CS2_119,Oasis Snapjaw,Neutral,Rarity.FREE,4,2,7,
VAN_CS2_120,River Crocolisk,Neutral,Rarity.FREE,2,2,3,
VAN_CS2_121,Frostwolf Grunt,Neutral,Rarity.FREE,2,2,2,<b>Taunt</b>
VAN_CS2_122,Raid Leader,Neutral,Rarity.FREE,3,2,2,Your other minions have +1 Attack.
VAN_CS2_124,Wolfrider,Neutral,Rarity.FREE,3,3,1,<b>Charge</b>
VAN_CS2_125,Ironfur Grizzly,Neutral,Rarity.FREE,3,3,3,<b>Taunt</b>
VAN_CS2_127,Silverback Patriarch,Neutral,Rarity.FREE,3,1,4,<b>Taunt</b>
VAN_CS2_131,Stormwind Knight,Neutral,Rarity.FREE,4,2,5,<b>Charge</b>
VAN_CS2_141,Ironforge Rifleman,Neutral,Rarity.FREE,3,2,2,<b>Battlecry:</b> Deal 1 damage.
VAN_CS2_142,Kobold Geomancer,Neutral,Rarity.FREE,2,2,2,<b>Spell Damage +1</b>
VAN_CS2_146,Southsea Deckhand,Neutral,Rarity.COMMON,1,2,1,Has <b>Charge</b> while you have a weapon equipped.
VAN_CS2_147,Gnomish Inventor,Neutral,Rarity.FREE,4,2,4,<b>Battlecry:</b> Draw a card.
VAN_CS2_150,Stormpike Commando,Neutral,Rarity.FREE,5,4,2,<b>Battlecry:</b> Deal 2 damage.
VAN_CS2_151,Silver Hand Knight,Neutral,Rarity.COMMON,5,4,4,<b>Battlecry:</b> Summon a 2/2_Squire.
VAN_CS2_155,Archmage,Neutral,Rarity.FREE,6,4,7,<b>Spell Damage +1</b>
VAN_CS2_161,Ravenholdt Assassin,Neutral,Rarity.RARE,7,7,5,<b>Stealth</b>
VAN_CS2_162,Lord of the Arena,Neutral,Rarity.FREE,6,6,5,<b>Taunt</b>
VAN_CS2_168,Murloc Raider,Neutral,Rarity.FREE,1,2,1,
VAN_CS2_169,Young Dragonhawk,Neutral,Rarity.COMMON,1,1,1,<b>Windfury</b>
VAN_CS2_171,Stonetusk Boar,Neutral,Rarity.FREE,1,1,1,<b>Charge</b>
VAN_CS2_172,Bloodfen Raptor,Neutral,Rarity.FREE,2,3,2,
VAN_CS2_173,Bluegill Warrior,Neutral,Rarity.FREE,2,2,1,<b>Charge</b>
VAN_CS2_179,Sen'jin Shieldmasta,Neutral,Rarity.FREE,4,3,5,<b>Taunt</b>
VAN_CS2_181,Injured Blademaster,Neutral,Rarity.RARE,3,4,7,<b>Battlecry:</b> Deal 4 damage to HIMSELF.
VAN_CS2_182,Chillwind Yeti,Neutral,Rarity.FREE,4,4,5,
VAN_CS2_186,War Golem,Neutral,Rarity.FREE,7,7,7,
VAN_CS2_187,Booty Bay Bodyguard,Neutral,Rarity.FREE,5,5,4,<b>Taunt</b>
VAN_CS2_188,Abusive Sergeant,Neutral,Rarity.COMMON,1,2,1,<b>Battlecry:</b> Give a minion +2_Attack this turn.
VAN_CS2_189,Elven Archer,Neutral,Rarity.FREE,1,1,1,<b>Battlecry:</b> Deal 1 damage.
VAN_CS2_196,Razorfen Hunter,Neutral,Rarity.FREE,3,2,3,<b>Battlecry:</b> Summon a 1/1_Boar.
VAN_CS2_197,Ogre Magi,Neutral,Rarity.FREE,4,4,4,<b>Spell Damage +1</b>
VAN_CS2_200,Boulderfist Ogre,Neutral,Rarity.FREE,6,6,7,
VAN_CS2_201,Core Hound,Neutral,Rarity.FREE,7,9,5,
VAN_CS2_203,Ironbeak Owl,Neutral,Rarity.COMMON,2,2,1,<b>Battlecry:</b> <b>Silence</b> a_minion.
VAN_CS2_213,Reckless Rocketeer,Neutral,Rarity.FREE,6,5,2,<b>Charge</b>
VAN_CS2_221,Spiteful Smith,Neutral,Rarity.COMMON,5,4,6,<b>Enrage:</b> Your weapon has +2 Attack.
VAN_CS2_222,Stormwind Champion,Neutral,Rarity.FREE,7,6,6,Your other minions have +1/+1.
VAN_CS2_226,Frostwolf Warlord,Neutral,Rarity.FREE,5,4,4,<b>Battlecry:</b> Gain +1/+1 for each other friendly minion on the battlefield.
VAN_CS2_227,Venture Co. Mercenary,Neutral,Rarity.COMMON,5,7,6,Your minions cost (3) more.
VAN_CS2_231,Wisp,Neutral,Rarity.COMMON,0,1,1,
VAN_DS1_055,Darkscale Healer,Neutral,Rarity.FREE,5,4,5,<b>Battlecry:</b> Restore #2 Health to all friendly characters.
VAN_EX1_001,Lightwarden,Neutral,Rarity.RARE,1,1,2,Whenever a character is healed gain +2 Attack.
VAN_EX1_002,The Black Knight,Neutral,Rarity.LEGENDARY,6,4,5,<b>Battlecry:</b> Destroy an enemy minion with <b>Taunt</b>.
VAN_EX1_004,Young Priestess,Neutral,Rarity.RARE,1,2,1,At the end of your turn give another random friendly minion +1 Health.
VAN_EX1_005,Big Game Hunter,Neutral,Rarity.EPIC,3,4,2,<b>Battlecry:</b> Destroy a minion with 7 or more Attack.
VAN_EX1_006,Alarm-o-Bot,Neutral,Rarity.RARE,3,0,3,[x]At the start of your turnswap this minion with a   random one in your hand.
VAN_EX1_007,Acolyte of Pain,Neutral,Rarity.COMMON,3,1,3,Whenever this minion takes damage draw a_card.
VAN_EX1_008,Argent Squire,Neutral,Rarity.COMMON,1,1,1,<b>Divine Shield</b>
VAN_EX1_009,Angry Chicken,Neutral,Rarity.RARE,1,1,1,<b>Enrage:</b> +5 Attack.
VAN_EX1_010,Worgen Infiltrator,Neutral,Rarity.COMMON,1,2,1,<b>Stealth</b>
VAN_EX1_011,Voodoo Doctor,Neutral,Rarity.FREE,1,2,1,<b>Battlecry:</b> Restore #2_Health.
VAN_EX1_012,Bloodmage Thalnos,Neutral,Rarity.LEGENDARY,2,1,1,<b>Spell Damage +1</b><b>Deathrattle:</b> Draw a card.
VAN_EX1_014,King Mukla,Neutral,Rarity.LEGENDARY,3,5,5,<b>Battlecry:</b> Give your opponent 2 Bananas.
VAN_EX1_015,Novice Engineer,Neutral,Rarity.FREE,2,1,1,<b>Battlecry:</b> Draw a card.
VAN_EX1_016,Sylvanas Windrunner,Neutral,Rarity.LEGENDARY,6,5,5,<b>Deathrattle:</b> Takecontrol of a randomenemy minion.
VAN_EX1_017,Jungle Panther,Neutral,Rarity.COMMON,3,4,2,<b>Stealth</b>
VAN_EX1_019,Shattered Sun Cleric,Neutral,Rarity.FREE,3,3,2,<b>Battlecry:</b> Give a friendly minion +1/+1.
VAN_EX1_020,Scarlet Crusader,Neutral,Rarity.COMMON,3,3,1,<b>Divine Shield</b>
VAN_EX1_021,Thrallmar Farseer,Neutral,Rarity.COMMON,3,2,3,<b>Windfury</b>
VAN_EX1_023,Silvermoon Guardian,Neutral,Rarity.COMMON,4,3,3,<b>Divine Shield</b>
VAN_EX1_025,Dragonling Mechanic,Neutral,Rarity.FREE,4,2,4,<b>Battlecry:</b> Summon a 2/1 Mechanical Dragonling.
VAN_EX1_028,Stranglethorn Tiger,Neutral,Rarity.COMMON,5,5,5,<b>Stealth</b>
VAN_EX1_029,Leper Gnome,Neutral,Rarity.COMMON,1,2,1,<b>Deathrattle:</b> Deal 2 damage to the enemy_hero.
VAN_EX1_032,Sunwalker,Neutral,Rarity.RARE,6,4,5,<b>Taunt</b><b>Divine Shield</b>
VAN_EX1_033,Windfury Harpy,Neutral,Rarity.COMMON,6,4,5,<b>Windfury</b>
VAN_EX1_043,Twilight Drake,Neutral,Rarity.RARE,4,4,1,<b>Battlecry:</b> Gain +1 Health for each card in your hand.
VAN_EX1_044,Questing Adventurer,Neutral,Rarity.RARE,3,2,2,Whenever you play a card gain +1/+1.
VAN_EX1_045,Ancient Watcher,Neutral,Rarity.RARE,2,4,5,Can't attack.
VAN_EX1_046,Dark Iron Dwarf,Neutral,Rarity.COMMON,4,4,4,<b>Battlecry:</b> Give a minion +2_Attack this turn.
VAN_EX1_048,Spellbreaker,Neutral,Rarity.COMMON,4,4,3,<b>Battlecry:</b> <b>Silence</b> a_minion.
VAN_EX1_049,Youthful Brewmaster,Neutral,Rarity.COMMON,2,3,2,<b>Battlecry:</b> Return a friendly minion from the battlefield to your hand.
VAN_EX1_050,Coldlight Oracle,Neutral,Rarity.RARE,3,2,2,<b>Battlecry:</b> Each player draws 2 cards.
VAN_EX1_055,Mana Addict,Neutral,Rarity.RARE,2,1,3,Whenever you cast a spell gain +2 Attack this turn.
VAN_EX1_057,Ancient Brewmaster,Neutral,Rarity.COMMON,4,5,4,<b>Battlecry:</b> Return a friendly minion from the battlefield to your hand.
VAN_EX1_058,Sunfury Protector,Neutral,Rarity.RARE,2,2,3,<b>Battlecry:</b> Give adjacent minions <b>Taunt</b>.
VAN_EX1_059,Crazed Alchemist,Neutral,Rarity.RARE,2,2,2,<b>Battlecry:</b> Swap the Attack and Health of a minion.
VAN_EX1_062,Old Murk-Eye,Neutral,Rarity.LEGENDARY,4,2,4,<b>Charge</b>. Has +1 Attack for each other Murloc on the battlefield.
VAN_EX1_066,Acidic Swamp Ooze,Neutral,Rarity.FREE,2,3,2,<b>Battlecry:</b> Destroy your opponent's weapon.
VAN_EX1_067,Argent Commander,Neutral,Rarity.RARE,6,4,2,<b>Charge</b><b>Divine Shield</b>
VAN_EX1_076,Pint-Sized Summoner,Neutral,Rarity.RARE,2,2,2,The first minion you play each turn costs (1) less.
VAN_EX1_080,Secretkeeper,Neutral,Rarity.RARE,1,1,2,Whenever a <b>Secret</b> is played gain +1/+1.
VAN_EX1_082,Mad Bomber,Neutral,Rarity.COMMON,2,3,2,<b>Battlecry:</b> Deal 3 damage randomly split between all other characters.
VAN_EX1_083,Tinkmaster Overspark,Neutral,Rarity.LEGENDARY,3,3,3,[x]<b>Battlecry:</b> Transformanother random minioninto a 5/5 Devilsaur or a 1/1 Squirrel.
VAN_EX1_085,Mind Control Tech,Neutral,Rarity.RARE,3,3,3,[x]<b>Battlecry:</b> If your opponenthas 4 or more minions take control of one at random.
VAN_EX1_089,Arcane Golem,Neutral,Rarity.RARE,3,4,2,<b>Charge</b>. <b>Battlecry:</b> Give your opponent a Mana Crystal.
VAN_EX1_093,Defender of Argus,Neutral,Rarity.RARE,4,2,3,<b>Battlecry:</b> Give adjacent minions +1/+1 and <b>Taunt</b>.
VAN_EX1_095,Gadgetzan Auctioneer,Neutral,Rarity.RARE,5,4,4,Whenever you cast a spell draw a card.
VAN_EX1_096,Loot Hoarder,Neutral,Rarity.COMMON,2,2,1,<b>Deathrattle:</b> Draw a card.
VAN_EX1_097,Abomination,Neutral,Rarity.RARE,5,4,4,<b>Taunt</b>. <b>Deathrattle:</b> Deal 2damage to ALL characters.
VAN_EX1_100,Lorewalker Cho,Neutral,Rarity.LEGENDARY,2,0,4,Whenever a player casts a spell put a copy into the other player’s hand.
VAN_EX1_102,Demolisher,Neutral,Rarity.RARE,3,1,4,At the start of your turn deal 2 damage to a random enemy.
VAN_EX1_103,Coldlight Seer,Neutral,Rarity.RARE,3,2,3,<b>Battlecry:</b> Give ALL other Murlocs +2 Health.
VAN_EX1_105,Mountain Giant,Neutral,Rarity.EPIC,12,8,8,Costs (1) less for each other card in your hand.
VAN_EX1_110,Cairne Bloodhoof,Neutral,Rarity.LEGENDARY,6,4,5,<b>Deathrattle:</b> Summon a 4/5 Baine Bloodhoof.
VAN_EX1_112,Gelbin Mekkatorque,Neutral,Rarity.LEGENDARY,6,6,6,<b>Battlecry:</b> Summon an AWESOME invention.
VAN_EX1_116,Leeroy Jenkins,Neutral,Rarity.LEGENDARY,4,6,2,<b>Charge</b>. <b>Battlecry:</b> Summon two 1/1 Whelps for your opponent.
VAN_EX1_162,Dire Wolf Alpha,Neutral,Rarity.COMMON,2,2,2,Adjacent minions have +1_Attack.
VAN_EX1_170,Emperor Cobra,Neutral,Rarity.RARE,3,2,3,Destroy any minion damaged by this minion.
VAN_EX1_249,Baron Geddon,Neutral,Rarity.LEGENDARY,7,7,5,At the end of your turn deal 2 damage to ALL other characters.
VAN_EX1_283,Frost Elemental,Neutral,Rarity.COMMON,6,5,5,<b>Battlecry:</b> <b>Freeze</b> a_character.
VAN_EX1_284,Azure Drake,Neutral,Rarity.RARE,5,4,4,<b>Spell Damage +1</b><b>Battlecry:</b> Draw a card.
VAN_EX1_298,Ragnaros the Firelord,Neutral,Rarity.LEGENDARY,8,8,8,Can't attack. At the end of your turn deal 8 damage to a random enemy.
VAN_EX1_390,Tauren Warrior,Neutral,Rarity.COMMON,3,2,3,<b>Taunt</b>. <b>Enrage:</b> +3 Attack
VAN_EX1_393,Amani Berserker,Neutral,Rarity.COMMON,2,2,3,<b>Enrage:</b> +3 Attack
VAN_EX1_396,Mogu'shan Warden,Neutral,Rarity.COMMON,4,1,7,<b>Taunt</b>
VAN_EX1_399,Gurubashi Berserker,Neutral,Rarity.FREE,5,2,7,Whenever this minion takes damage gain +3_Attack.
VAN_EX1_405,Shieldbearer,Neutral,Rarity.COMMON,1,0,4,<b>Taunt</b>
VAN_EX1_412,Raging Worgen,Neutral,Rarity.COMMON,3,3,3,<b>Enrage:</b> <b>Windfury</b> and +1 Attack
VAN_EX1_506,Murloc Tidehunter,Neutral,Rarity.FREE,2,2,1,<b>Battlecry:</b> Summon a 1/1_Murloc Scout.
VAN_EX1_507,Murloc Warleader,Neutral,Rarity.EPIC,3,3,3,ALL other murlocs have +2/+1.
VAN_EX1_508,Grimscale Oracle,Neutral,Rarity.FREE,1,1,1,ALL other Murlocs have +1 Attack.
VAN_EX1_509,Murloc Tidecaller,Neutral,Rarity.RARE,1,1,2,Whenever a Murloc is summoned gain +1 Attack.
VAN_EX1_556,Harvest Golem,Neutral,Rarity.COMMON,3,2,3,<b>Deathrattle:</b> Summon a 2/1 Damaged Golem.
VAN_EX1_557,Nat Pagle,Neutral,Rarity.LEGENDARY,2,0,4,At the start of your turn you have a 50% chance to draw an extra card.
VAN_EX1_558,Harrison Jones,Neutral,Rarity.LEGENDARY,5,5,4,<b>Battlecry:</b> Destroy your opponent's weapon and draw cards equal to its Durability.
VAN_EX1_560,Nozdormu,Neutral,Rarity.LEGENDARY,9,8,8,Players only have 15 seconds to take their_turns.
VAN_EX1_561,Alexstrasza,Neutral,Rarity.LEGENDARY,9,8,8,<b>Battlecry:</b> Set a hero's remaining Health to 15.
VAN_EX1_562,Onyxia,Neutral,Rarity.LEGENDARY,9,8,8,<b>Battlecry:</b> Summon 1/1 Whelps until your side of the battlefield is full.
VAN_EX1_563,Malygos,Neutral,Rarity.LEGENDARY,9,4,12,<b>Spell Damage +5</b>
VAN_EX1_564,Faceless Manipulator,Neutral,Rarity.EPIC,5,3,3,<b>Battlecry:</b> Choose a minion and become a copy of it.
VAN_EX1_572,Ysera,Neutral,Rarity.LEGENDARY,9,4,12,At the end of your turn add_a Dream Card to_your hand.
VAN_EX1_577,The Beast,Neutral,Rarity.LEGENDARY,6,9,7,[x]<b>Deathrattle:</b> Summon a3/3 Pip Quickwit foryour opponent.
VAN_EX1_582,Dalaran Mage,Neutral,Rarity.FREE,3,1,4,<b>Spell Damage +1</b>
VAN_EX1_583,Priestess of Elune,Neutral,Rarity.COMMON,6,5,4,<b>Battlecry:</b> Restore #4 Health to your hero.
VAN_EX1_584,Ancient Mage,Neutral,Rarity.RARE,4,2,5,<b>Battlecry:</b> Give adjacent_minions <b>Spell_Damage +1</b>.
VAN_EX1_586,Sea Giant,Neutral,Rarity.EPIC,10,8,8,Costs (1) less for each other minion on the battlefield.
VAN_EX1_590,Blood Knight,Neutral,Rarity.EPIC,3,3,3,<b>Battlecry:</b> All minions lose <b>Divine Shield</b>. Gain +3/+3 for each Shield lost.
VAN_EX1_593,Nightblade,Neutral,Rarity.FREE,5,4,4,<b>Battlecry: </b>Deal 3 damage to the enemy hero.
VAN_EX1_595,Cult Master,Neutral,Rarity.COMMON,4,4,2,After a friendly minion dies draw a card.
VAN_EX1_597,Imp Master,Neutral,Rarity.RARE,3,1,5,[x]At the end of your turn deal1 damage to this minionand summon a 1/1 Imp.
VAN_EX1_614,Illidan Stormrage,Neutral,Rarity.LEGENDARY,6,7,5,Whenever you play a card summon a 2/1 Flame of Azzinoth.
VAN_EX1_616,Mana Wraith,Neutral,Rarity.RARE,2,2,2,ALL minions cost (1) more.
VAN_EX1_620,Molten Giant,Neutral,Rarity.EPIC,20,8,8,Costs (1) less for each damage your hero has taken.
VAN_NEW1_016,Captain's Parrot,Neutral,Rarity.EPIC,2,1,1,<b>Battlecry:</b> Draw a Pirate from your deck.
VAN_NEW1_017,Hungry Crab,Neutral,Rarity.EPIC,1,1,2,<b>Battlecry:</b> Destroy a Murloc and gain +2/+2.
VAN_NEW1_018,Bloodsail Raider,Neutral,Rarity.COMMON,2,2,3,<b>Battlecry:</b> Gain Attack equal to the Attackof your weapon.
VAN_NEW1_019,Knife Juggler,Neutral,Rarity.RARE,2,3,2,[x]After you summon aminion deal 1 damageto a random enemy.
VAN_NEW1_020,Wild Pyromancer,Neutral,Rarity.RARE,2,3,2,After you cast a spell deal 1 damage to ALL minions.
VAN_NEW1_021,Doomsayer,Neutral,Rarity.EPIC,2,0,7,At the start of your turn destroy ALL minions.
VAN_NEW1_022,Dread Corsair,Neutral,Rarity.COMMON,4,3,3,<b>Taunt</b>Costs (1) less per Attack of_your weapon.
VAN_NEW1_023,Faerie Dragon,Neutral,Rarity.COMMON,2,3,2,Can't be targeted by spells or Hero Powers.
VAN_NEW1_024,Captain Greenskin,Neutral,Rarity.LEGENDARY,5,5,4,<b>Battlecry:</b> Give your weapon +1/+1.
VAN_NEW1_025,Bloodsail Corsair,Neutral,Rarity.RARE,1,1,2,[x]<b>Battlecry:</b> Remove1 Durability from youropponent's weapon.
VAN_NEW1_026,Violet Teacher,Neutral,Rarity.RARE,4,3,5,Whenever you cast a spell summon a 1/1 Violet Apprentice.
VAN_NEW1_027,Southsea Captain,Neutral,Rarity.EPIC,3,3,3,Your other Pirates have +1/+1.
VAN_NEW1_029,Millhouse Manastorm,Neutral,Rarity.LEGENDARY,2,4,4,<b>Battlecry:</b> Enemy spells cost (0) next turn.
VAN_NEW1_030,Deathwing,Neutral,Rarity.LEGENDARY,10,12,12,<b>Battlecry:</b> Destroy all other minions and discard your_hand.
VAN_NEW1_037,Master Swordsmith,Neutral,Rarity.RARE,2,1,3,At the end of your turn give another random friendly minion +1 Attack.
VAN_NEW1_038,Gruul,Neutral,Rarity.LEGENDARY,8,7,7,At the end of each turn gain +1/+1 .
VAN_NEW1_040,Hogger,Neutral,Rarity.LEGENDARY,6,4,4,At the end of your turn summon a 2/2 Gnoll with_<b>Taunt</b>.
VAN_NEW1_041,Stampeding Kodo,Neutral,Rarity.RARE,5,3,5,<b>Battlecry:</b> Destroy a random enemy minion with 2 or less Attack.
VAN_PRO_001,Elite Tauren Chieftain,Neutral,Rarity.LEGENDARY,5,5,5,<b>Battlecry:</b> Give both players the power to ROCK! (with a Power Chord card)
VAN_tt_004,Flesheating Ghoul,Neutral,Rarity.COMMON,3,2,3,Whenever a minion dies gain +1 Attack.
VAN_CS2_005,Claw,Druid,Rarity.FREE,1,0,0,Give your hero +2_Attack this turn. Gain 2 Armor.
VAN_CS2_007,Healing Touch,Druid,Rarity.FREE,3,0,0,Restore #8 Health.
VAN_CS2_008,Moonfire,Druid,Rarity.FREE,0,0,0,Deal $1 damage.
VAN_CS2_009,Mark of the Wild,Druid,Rarity.FREE,2,0,0,Give a minion <b>Taunt</b> and +2/+2.<i>(+2 Attack/+2 Health)</i>
VAN_CS2_011,Savage Roar,Druid,Rarity.FREE,3,0,0,Give your characters +2_Attack this turn.
VAN_CS2_012,Swipe,Druid,Rarity.FREE,4,0,0,Deal $4 damage to an enemy and $1 damage to all other enemies.
VAN_CS2_013,Wild Growth,Druid,Rarity.FREE,2,0,0,Gain an empty Mana Crystal.
VAN_CS2_232,Ironbark Protector,Druid,Rarity.FREE,8,8,8,<b>Taunt</b>
VAN_EX1_154,Wrath,Druid,Rarity.COMMON,2,0,0,<b>Choose One -</b>Deal $3 damage to a minion; or $1 damageand draw a card.
VAN_EX1_155,Mark of Nature,Druid,Rarity.COMMON,3,0,0,<b>Choose One -</b> Give a minion +4 Attack; or +4 Health and <b>Taunt</b>.
VAN_EX1_158,Soul of the Forest,Druid,Rarity.COMMON,4,0,0,Give your minions "<b>Deathrattle:</b> Summon a 2/2 Treant."
VAN_EX1_160,Power of the Wild,Druid,Rarity.COMMON,2,0,0,<b>Choose One -</b> Give your minions +1/+1; or Summon a 3/2 Panther.
VAN_EX1_161,Naturalize,Druid,Rarity.COMMON,1,0,0,Destroy a minion.Your opponent draws 2_cards.
VAN_EX1_164,Nourish,Druid,Rarity.RARE,5,0,0,<b>Choose One -</b> Gain 2_Mana Crystals; or Draw 3 cards.
VAN_EX1_165,Druid of the Claw,Druid,Rarity.COMMON,5,4,4,<b>Choose One -</b> <b>Charge</b>; or +2 Health and <b>Taunt</b>.
VAN_EX1_166,Keeper of the Grove,Druid,Rarity.RARE,4,2,4,<b>Choose One -</b> Deal_2_damage; or <b>Silence</b> a minion.
VAN_EX1_169,Innervate,Druid,Rarity.FREE,0,0,0,Gain 2 Mana Crystals this turn only.
VAN_EX1_173,Starfire,Druid,Rarity.FREE,6,0,0,Deal $5 damage.Draw a card.
VAN_EX1_178,Ancient of War,Druid,Rarity.EPIC,7,5,5,<b>Choose One -</b>+5 Attack; or +5 Health and <b>Taunt</b>.
VAN_EX1_570,Bite,Druid,Rarity.RARE,4,0,0,Give your hero +4_Attack this turn. Gain 4 Armor.
VAN_EX1_571,Force of Nature,Druid,Rarity.EPIC,6,0,0,Summon three 2/2 Treants with<b>Charge</b> that die at the end of the turn.
VAN_EX1_573,Cenarius,Druid,Rarity.LEGENDARY,9,5,8,<b>Choose One -</b> Give your other minions +2/+2; or Summon two 2/2 Treants with <b>Taunt</b>.
VAN_EX1_578,Savagery,Druid,Rarity.RARE,1,0,0,Deal damage equal to your hero's Attack to a minion.
VAN_NEW1_007,Starfall,Druid,Rarity.RARE,5,0,0,<b>Choose One -</b>Deal $5 damage to a minion; or $2 damage to all enemy minions.
VAN_NEW1_008,Ancient of Lore,Druid,Rarity.EPIC,7,5,5,<b>Choose One -</b> Draw 2 cards; or Restore #5 Health.
VAN_CS2_084,Hunter's Mark,Hunter,Rarity.FREE,0,0,0,Change a minion's Health to 1.
VAN_CS2_237,Starving Buzzard,Hunter,Rarity.FREE,2,2,1,Whenever you summon a Beast draw a card.
VAN_DS1_070,Houndmaster,Hunter,Rarity.FREE,4,4,3,<b>Battlecry:</b> Give a friendly Beast +2/+2 and <b>Taunt</b>.
VAN_DS1_175,Timber Wolf,Hunter,Rarity.FREE,1,1,1,Your other Beasts have +1_Attack.
VAN_DS1_178,Tundra Rhino,Hunter,Rarity.FREE,5,2,5,Your Beasts have <b>Charge</b>.
VAN_DS1_183,Multi-Shot,Hunter,Rarity.FREE,4,0,0,Deal $3 damage to two random enemy minions.
VAN_DS1_184,Tracking,Hunter,Rarity.FREE,1,0,0,Look at the top 3 cards of your deck. Draw one and discard the others.
VAN_DS1_185,Arcane Shot,Hunter,Rarity.FREE,1,0,0,Deal $2 damage.
VAN_DS1_188,Gladiator's Longbow,Hunter,Rarity.EPIC,7,5,0,Your hero is <b>Immune</b> while attacking.
VAN_EX1_531,Scavenging Hyena,Hunter,Rarity.COMMON,2,2,2,Whenever a friendly Beast dies gain +2/+1.
VAN_EX1_533,Misdirection,Hunter,Rarity.RARE,2,0,0,<b>Secret:</b> When an enemy attacks your hero instead it attacks another random character.
VAN_EX1_534,Savannah Highmane,Hunter,Rarity.RARE,6,6,5,<b>Deathrattle:</b> Summon two 2/2 Hyenas.
VAN_EX1_536,Eaglehorn Bow,Hunter,Rarity.RARE,3,3,0,Whenever a <b>Secret</b> is revealed gain +1 Durability.
VAN_EX1_537,Explosive Shot,Hunter,Rarity.RARE,5,0,0,Deal $5 damage to a minion and $2 damage to adjacent ones.
VAN_EX1_538,Unleash the Hounds,Hunter,Rarity.COMMON,3,0,0,For each enemy minion summon a 1/1 Hound with <b>Charge</b>.
VAN_EX1_539,Kill Command,Hunter,Rarity.FREE,3,0,0,Deal $3 damage. If you control a Beast deal$5 damage instead.
VAN_EX1_543,King Krush,Hunter,Rarity.LEGENDARY,9,8,8,<b>Charge</b>
VAN_EX1_544,Flare,Hunter,Rarity.RARE,1,0,0,All minions lose <b>Stealth</b>. Destroy all enemy <b>Secrets</b>. Draw a card.
VAN_EX1_549,Bestial Wrath,Hunter,Rarity.EPIC,1,0,0,Give a Beast +2 Attack and <b>Immune</b> this turn.
VAN_EX1_554,Snake Trap,Hunter,Rarity.EPIC,2,0,0,<b>Secret:</b> When one of your minions is attacked summon three 1/1 Snakes.
VAN_EX1_609,Snipe,Hunter,Rarity.COMMON,2,0,0,<b>Secret:</b> After your opponent plays a minion deal $4 damage to it.
VAN_EX1_610,Explosive Trap,Hunter,Rarity.COMMON,2,0,0,<b>Secret:</b> When your hero is attacked deal $2 damage to all enemies.
VAN_EX1_611,Freezing Trap,Hunter,Rarity.COMMON,2,0,0,<b>Secret:</b> When an enemy minion attacks return it to its owner's hand. It costs (2) more.
VAN_EX1_617,Deadly Shot,Hunter,Rarity.COMMON,3,0,0,Destroy a random enemy minion.
VAN_NEW1_031,Animal Companion,Hunter,Rarity.FREE,3,0,0,Summon a random Beast Companion.
VAN_CS2_022,Polymorph,Mage,Rarity.FREE,4,0,0,Transform a minioninto a 1/1 Sheep.
VAN_CS2_023,Arcane Intellect,Mage,Rarity.FREE,3,0,0,Draw 2 cards.
VAN_CS2_024,Frostbolt,Mage,Rarity.FREE,2,0,0,Deal $3 damage to a_character and <b>Freeze</b> it.
VAN_CS2_025,Arcane Explosion,Mage,Rarity.FREE,2,0,0,Deal $1 damage to all enemy minions.
VAN_CS2_026,Frost Nova,Mage,Rarity.FREE,3,0,0,<b>Freeze</b> all enemy minions.
VAN_CS2_027,Mirror Image,Mage,Rarity.FREE,1,0,0,Summon two 0/2 minions with <b>Taunt</b>.
VAN_CS2_028,Blizzard,Mage,Rarity.RARE,6,0,0,Deal $2 damage to all enemy minions and <b>Freeze</b> them.
VAN_CS2_029,Fireball,Mage,Rarity.FREE,4,0,0,Deal $6 damage.
VAN_CS2_031,Ice Lance,Mage,Rarity.COMMON,1,0,0,<b>Freeze</b> a character. If it was already <b>Frozen</b> deal $4 damage instead.
VAN_CS2_032,Flamestrike,Mage,Rarity.FREE,7,0,0,Deal $4 damage to all enemy minions.
VAN_CS2_033,Water Elemental,Mage,Rarity.FREE,4,3,6,<b>Freeze</b> any character damaged by this minion.
VAN_EX1_274,Ethereal Arcanist,Mage,Rarity.RARE,4,3,3,If you control a <b>Secret</b> at_the end of your turn gain +2/+2.
VAN_EX1_275,Cone of Cold,Mage,Rarity.COMMON,4,0,0,<b>Freeze</b> a minion and the minions next to it and deal $1 damage to them.
VAN_EX1_277,Arcane Missiles,Mage,Rarity.FREE,1,0,0,Deal $3 damage randomly split among all enemy characters.
VAN_EX1_279,Pyroblast,Mage,Rarity.EPIC,10,0,0,Deal $10 damage.
VAN_EX1_287,Counterspell,Mage,Rarity.RARE,3,0,0,<b>Secret:</b> When your opponent casts a spell <b>Counter</b> it.
VAN_EX1_289,Ice Barrier,Mage,Rarity.COMMON,3,0,0,[x]<b>Secret:</b> As soon as yourhero is attacked gain8 Armor.
VAN_EX1_294,Mirror Entity,Mage,Rarity.COMMON,3,0,0,[x]<b>Secret:</b> Whenyour opponent plays aminion summon a copyof it.
VAN_EX1_295,Ice Block,Mage,Rarity.EPIC,3,0,0,<b>Secret:</b> When your hero takes fatal damage prevent it and become <b>Immune</b> this turn.
VAN_EX1_559,Archmage Antonidas,Mage,Rarity.LEGENDARY,7,5,7,Whenever you cast a spell add a 'Fireball' spell to_your hand.
VAN_EX1_594,Vaporize,Mage,Rarity.RARE,3,0,0,<b>Secret:</b> When a minion attacks your hero destroy it.
VAN_EX1_608,Sorcerer's Apprentice,Mage,Rarity.COMMON,2,3,2,Your spells cost (1) less.
VAN_EX1_612,Kirin Tor Mage,Mage,Rarity.RARE,3,4,3,[x]<b>Battlecry:</b> The next <b>Secret</b>you play this turn costs (0).
VAN_NEW1_012,Mana Wyrm,Mage,Rarity.COMMON,1,1,3,Whenever you cast a spell gain +1 Attack.
VAN_tt_010,Spellbender,Mage,Rarity.EPIC,3,0,0,<b>Secret:</b> When an enemy casts a spell on a minion summon a 1/3 as the new target.
VAN_CS2_087,Blessing of Might,Paladin,Rarity.FREE,1,0,0,Give a minion +3_Attack.
VAN_CS2_088,Guardian of Kings,Paladin,Rarity.FREE,7,5,6,<b>Battlecry:</b> Restore #6 Health to your hero.
VAN_CS2_089,Holy Light,Paladin,Rarity.FREE,2,0,0,Restore #6 Health.
VAN_CS2_091,Light's Justice,Paladin,Rarity.FREE,1,1,0,
VAN_CS2_092,Blessing of Kings,Paladin,Rarity.FREE,4,0,0,Give a minion +4/+4. <i>(+4 Attack/+4 Health)</i>
VAN_CS2_093,Consecration,Paladin,Rarity.FREE,4,0,0,Deal $2 damage to all enemies.
VAN_CS2_094,Hammer of Wrath,Paladin,Rarity.FREE,4,0,0,Deal $3 damage.Draw a card.
VAN_CS2_097,Truesilver Champion,Paladin,Rarity.FREE,4,4,0,Whenever your hero attacks restore #2_Health to it.
VAN_EX1_130,Noble Sacrifice,Paladin,Rarity.COMMON,1,0,0,<b>Secret:</b> When an enemy attacks summon a 2/1 Defender as the new target.
VAN_EX1_132,Eye for an Eye,Paladin,Rarity.COMMON,1,0,0,<b>Secret:</b> When your hero takes damage deal_that much damage to the enemy hero.
VAN_EX1_136,Redemption,Paladin,Rarity.COMMON,1,0,0,<b>Secret:</b> When a friendly minion dies return it to life with 1 Health.
VAN_EX1_349,Divine Favor,Paladin,Rarity.RARE,3,0,0,Draw cards until you have as many in hand as your opponent.
VAN_EX1_354,Lay on Hands,Paladin,Rarity.EPIC,8,0,0,Restore #8 Health. Draw_3 cards.
VAN_EX1_355,Blessed Champion,Paladin,Rarity.RARE,5,0,0,Double a minion's Attack.
VAN_EX1_360,Humility,Paladin,Rarity.FREE,1,0,0,Change a minion's Attack to 1.
VAN_EX1_362,Argent Protector,Paladin,Rarity.COMMON,2,2,2,<b>Battlecry:</b> Give a friendly minion <b>Divine Shield</b>.
VAN_EX1_363,Blessing of Wisdom,Paladin,Rarity.COMMON,1,0,0,Choose a minion. Whenever it attacks draw a card.
VAN_EX1_365,Holy Wrath,Paladin,Rarity.RARE,5,0,0,Draw a card and deal_damage equal to_its Cost.
VAN_EX1_366,Sword of Justice,Paladin,Rarity.EPIC,3,1,0,After you summon a minion give it +1/+1 and this loses 1_Durability.
VAN_EX1_371,Hand of Protection,Paladin,Rarity.FREE,1,0,0,Give a minion <b>Divine Shield</b>.
VAN_EX1_379,Repentance,Paladin,Rarity.COMMON,1,0,0,<b>Secret:</b> After your opponent plays a minion reduce its Health to 1.
VAN_EX1_382,Aldor Peacekeeper,Paladin,Rarity.RARE,3,3,3,<b>Battlecry:</b> Change an_enemy minion's Attack to 1.
VAN_EX1_383,Tirion Fordring,Paladin,Rarity.LEGENDARY,8,6,6,<b><b>Divine Shield</b></b> <b>Taunt</b> <b>Deathrattle:</b> Equip a 5/3_Ashbringer.
VAN_EX1_384,Avenging Wrath,Paladin,Rarity.EPIC,6,0,0,Deal $8 damage randomly split among all enemy characters.
VAN_EX1_619,Equality,Paladin,Rarity.RARE,2,0,0,Change the Health of ALL minions to 1.
VAN_CS1_112,Holy Nova,Priest,Rarity.FREE,5,0,0,Deal $2 damage to all enemies. Restore #2 Health to all friendly characters.
VAN_CS1_113,Mind Control,Priest,Rarity.FREE,10,0,0,Take control of an enemy minion.
VAN_CS1_129,Inner Fire,Priest,Rarity.COMMON,1,0,0,Change a minion's Attack to be equal to its Health.
VAN_CS1_130,Holy Smite,Priest,Rarity.FREE,1,0,0,Deal $2 damage.
VAN_CS2_003,Mind Vision,Priest,Rarity.FREE,1,0,0,Put a copy of a random card in your opponent's hand into your hand.
VAN_CS2_004,Power Word: Shield,Priest,Rarity.FREE,1,0,0,Give a minion +2_Health.Draw a card.
VAN_CS2_234,Shadow Word: Pain,Priest,Rarity.FREE,2,0,0,Destroy a minion with 3_or less Attack.
VAN_CS2_235,Northshire Cleric,Priest,Rarity.COMMON,1,1,3,Whenever a minion is healed draw a card.
VAN_CS2_236,Divine Spirit,Priest,Rarity.COMMON,2,0,0,Double a minion's Health.
VAN_DS1_233,Mind Blast,Priest,Rarity.COMMON,2,0,0,Deal $5 damage to the enemy hero.
VAN_EX1_091,Cabal Shadow Priest,Priest,Rarity.EPIC,6,4,5,<b>Battlecry:</b> Take control of an enemy minion that has 2 or less Attack.
VAN_EX1_332,Silence,Priest,Rarity.COMMON,0,0,0,<b>Silence</b> a minion.
VAN_EX1_334,Shadow Madness,Priest,Rarity.RARE,4,0,0,Gain control of an enemy minion with 3 or less Attack until end of turn.
VAN_EX1_335,Lightspawn,Priest,Rarity.COMMON,4,0,5,This minion's Attack is always equal to its Health.
VAN_EX1_339,Thoughtsteal,Priest,Rarity.COMMON,3,0,0,Copy 2 cards in your opponent's deck and add them to your hand.
VAN_EX1_341,Lightwell,Priest,Rarity.RARE,2,0,5,At the start of your turn restore #3 Health to a damaged friendly character.
VAN_EX1_345,Mindgames,Priest,Rarity.EPIC,4,0,0,Put a copy ofa random minion fromyour opponent's deck into the battlefield.
VAN_EX1_350,Prophet Velen,Priest,Rarity.LEGENDARY,7,7,7,Double the damage and healing of your spells and Hero Power.
VAN_EX1_591,Auchenai Soulpriest,Priest,Rarity.RARE,4,3,5,Your cards and powers that restore Health now deal damage instead.
VAN_EX1_621,Circle of Healing,Priest,Rarity.COMMON,0,0,0,Restore #4 Health to ALL_minions.
VAN_EX1_622,Shadow Word: Death,Priest,Rarity.FREE,3,0,0,Destroy a minion with 5_or more Attack.
VAN_EX1_623,Temple Enforcer,Priest,Rarity.COMMON,6,6,6,<b>Battlecry:</b> Give a friendly minion +3 Health.
VAN_EX1_624,Holy Fire,Priest,Rarity.RARE,6,0,0,Deal $5 damage. Restore #5 Health to your hero.
VAN_EX1_625,Shadowform,Priest,Rarity.EPIC,3,0,0,Your Hero Power becomes 'Deal 2 damage.' If already in Shadowform: 3 damage.
VAN_EX1_626,Mass Dispel,Priest,Rarity.RARE,4,0,0,<b>Silence</b> all enemy minions. Draw a card.
VAN_CS2_072,Backstab,Rogue,Rarity.FREE,0,0,0,Deal $2 damage to an undamaged minion.
VAN_CS2_073,Cold Blood,Rogue,Rarity.COMMON,1,0,0,Give a minion +2 Attack. <b>Combo:</b> +4 Attack instead.
VAN_CS2_074,Deadly Poison,Rogue,Rarity.FREE,1,0,0,Give your weapon +2_Attack.
VAN_CS2_075,Sinister Strike,Rogue,Rarity.FREE,1,0,0,Deal $3 damage to the_enemy hero.
VAN_CS2_076,Assassinate,Rogue,Rarity.FREE,5,0,0,Destroy an enemy minion.
VAN_CS2_077,Sprint,Rogue,Rarity.FREE,7,0,0,Draw 4 cards.
VAN_CS2_080,Assassin's Blade,Rogue,Rarity.FREE,5,3,0,
VAN_CS2_233,Blade Flurry,Rogue,Rarity.RARE,2,0,0,Destroy your weapon and deal its damage to all enemies.
VAN_EX1_124,Eviscerate,Rogue,Rarity.COMMON,2,0,0,Deal $2 damage. <b>Combo:</b> Deal $4 damage instead.
VAN_EX1_126,Betrayal,Rogue,Rarity.COMMON,2,0,0,Force an enemy minion to deal its damage to the minions next to it.
VAN_EX1_128,Conceal,Rogue,Rarity.COMMON,1,0,0,Give your minions <b>Stealth</b> until your next_turn.
VAN_EX1_129,Fan of Knives,Rogue,Rarity.FREE,3,0,0,Deal $1 damage to all enemy minions. Draw_a card.
VAN_EX1_131,Defias Ringleader,Rogue,Rarity.COMMON,2,2,2,<b>Combo:</b> Summon a 2/1 Defias Bandit.
VAN_EX1_133,Perdition's Blade,Rogue,Rarity.RARE,3,2,0,<b>Battlecry:</b> Deal 1 damage. <b>Combo:</b> Deal 2 instead.
VAN_EX1_134,SI:7 Agent,Rogue,Rarity.RARE,3,3,3,<b>Combo:</b> Deal 2 damage.
VAN_EX1_137,Headcrack,Rogue,Rarity.RARE,3,0,0,Deal $2 damage to the enemy hero. <b>Combo:</b> Return this to your hand next turn.
VAN_EX1_144,Shadowstep,Rogue,Rarity.COMMON,0,0,0,Return a friendly minion to your hand. It_costs (2) less.
VAN_EX1_145,Preparation,Rogue,Rarity.EPIC,0,0,0,The next spell you cast this turn costs (3) less.
VAN_EX1_278,Shiv,Rogue,Rarity.FREE,2,0,0,Deal $1 damage.Draw a card.
VAN_EX1_522,Patient Assassin,Rogue,Rarity.EPIC,2,1,1,<b>Stealth</b>. Destroy any minion damaged by this minion.
VAN_EX1_581,Sap,Rogue,Rarity.FREE,2,0,0,Return an enemy minion to your opponent's hand.
VAN_EX1_613,Edwin VanCleef,Rogue,Rarity.LEGENDARY,3,2,2,<b>Combo:</b> Gain +2/+2 for each card played earlier this turn.
VAN_NEW1_004,Vanish,Rogue,Rarity.COMMON,6,0,0,Return all minions to their owner's hand.
VAN_NEW1_005,Kidnapper,Rogue,Rarity.EPIC,6,5,3,<b>Combo:</b> Return a minion to_its owner's hand.
VAN_NEW1_014,Master of Disguise,Rogue,Rarity.RARE,4,4,4,<b>Battlecry:</b> Give a friendly minion <b>Stealth</b>.
VAN_CS2_037,Frost Shock,Shaman,Rarity.FREE,1,0,0,Deal $1 damage to an enemy character and <b>Freeze</b> it.
VAN_CS2_038,Ancestral Spirit,Shaman,Rarity.RARE,2,0,0,Choose a minion. When that minion is destroyed return it to the battlefield.
VAN_CS2_039,Windfury,Shaman,Rarity.FREE,2,0,0,Give a minion <b>Windfury</b>.
VAN_CS2_041,Ancestral Healing,Shaman,Rarity.FREE,0,0,0,Restore a minionto full Health andgive it <b>Taunt</b>.
VAN_CS2_042,Fire Elemental,Shaman,Rarity.FREE,6,6,5,<b>Battlecry:</b> Deal 3 damage.
VAN_CS2_045,Rockbiter Weapon,Shaman,Rarity.FREE,1,0,0,Give a friendly character +3 Attack this turn.
VAN_CS2_046,Bloodlust,Shaman,Rarity.FREE,5,0,0,Give your minions +3_Attack this turn.
VAN_CS2_053,Far Sight,Shaman,Rarity.EPIC,3,0,0,Draw a card. That card costs (3) less.
VAN_EX1_238,Lightning Bolt,Shaman,Rarity.COMMON,1,0,0,Deal $3 damage. <b>Overload:</b> (1)
VAN_EX1_241,Lava Burst,Shaman,Rarity.RARE,3,0,0,Deal $5 damage. <b>Overload:</b> (2)
VAN_EX1_243,Dust Devil,Shaman,Rarity.COMMON,1,3,1,<b>Windfury</b>. <b>Overload:</b> (2)
VAN_EX1_244,Totemic Might,Shaman,Rarity.FREE,0,0,0,Give your Totems +2_Health.
VAN_EX1_245,Earth Shock,Shaman,Rarity.COMMON,1,0,0,<b>Silence</b> a minion then deal $1 damage to it.
VAN_EX1_246,Hex,Shaman,Rarity.FREE,3,0,0,Transform a minion into a 0/1 Frog with <b>Taunt</b>.
VAN_EX1_247,Stormforged Axe,Shaman,Rarity.COMMON,2,2,0,<b>Overload:</b> (1)
VAN_EX1_248,Feral Spirit,Shaman,Rarity.RARE,3,0,0,Summon two 2/3 Spirit Wolves with <b>Taunt</b>. <b>Overload:</b> (2)
VAN_EX1_250,Earth Elemental,Shaman,Rarity.EPIC,5,7,8,<b>Taunt</b>. <b><b>Overload</b>:</b> (3)
VAN_EX1_251,Forked Lightning,Shaman,Rarity.COMMON,1,0,0,Deal $2 damage to 2_random enemy minions. <b>Overload:</b> (2)
VAN_EX1_258,Unbound Elemental,Shaman,Rarity.COMMON,3,2,4,Whenever you play a card_with <b>Overload</b> gain_+1/+1.
VAN_EX1_259,Lightning Storm,Shaman,Rarity.RARE,3,0,0,Deal $2-$3 damage to all enemy minions. <b>Overload:</b> (2)
VAN_EX1_565,Flametongue Totem,Shaman,Rarity.FREE,2,0,3,Adjacent minions have +2_Attack.
VAN_EX1_567,Doomhammer,Shaman,Rarity.EPIC,5,2,0,<b>Windfury Overload:</b> (2)
VAN_EX1_575,Mana Tide Totem,Shaman,Rarity.RARE,3,0,3,At the end of your turn draw a card.
VAN_EX1_587,Windspeaker,Shaman,Rarity.FREE,4,3,3,<b>Battlecry:</b> Give a friendly minion <b>Windfury</b>.
VAN_NEW1_010,Al'Akir the Windlord,Shaman,Rarity.LEGENDARY,8,3,5,<b>Charge Divine Shield Taunt Windfury</b>
VAN_CS2_057,Shadow Bolt,Warlock,Rarity.FREE,3,0,0,Deal $4 damageto a minion.
VAN_CS2_059,Blood Imp,Warlock,Rarity.COMMON,1,0,1,[x]  <b>Stealth</b>. At the end of your  turn give another random friendly minion +1 Health.
VAN_CS2_061,Drain Life,Warlock,Rarity.FREE,3,0,0,Deal $2 damage. Restore #2 Health to your hero.
VAN_CS2_062,Hellfire,Warlock,Rarity.FREE,4,0,0,Deal $3 damage to ALL_characters.
VAN_CS2_063,Corruption,Warlock,Rarity.FREE,1,0,0,Choose an enemy minion. At the start of your turn destroy it.
VAN_CS2_064,Dread Infernal,Warlock,Rarity.FREE,6,6,6,<b>Battlecry:</b> Deal 1 damage to ALL other characters.
VAN_CS2_065,Voidwalker,Warlock,Rarity.FREE,1,1,3,<b>Taunt</b>
VAN_EX1_301,Felguard,Warlock,Rarity.RARE,3,3,5,<b>Taunt</b><b>Battlecry:</b> Destroy one of your Mana Crystals.
VAN_EX1_302,Mortal Coil,Warlock,Rarity.FREE,1,0,0,Deal $1 damage to a minion. If that kills it draw a card.
VAN_EX1_303,Shadowflame,Warlock,Rarity.RARE,4,0,0,Destroy a friendly minion and deal its Attack damage to all enemy minions.
VAN_EX1_304,Void Terror,Warlock,Rarity.RARE,3,3,3,[x]<b>Battlecry:</b> Destroy bothadjacent minions and gain their Attack and Health.
VAN_EX1_306,Felstalker,Warlock,Rarity.FREE,2,4,3,<b>Battlecry:</b> Discard a random card.
VAN_EX1_308,Soulfire,Warlock,Rarity.FREE,0,0,0,[x]Deal $4 damage.Discard a random card.
VAN_EX1_309,Siphon Soul,Warlock,Rarity.RARE,6,0,0,Destroy a minion. Restore #3 Health to_your hero.
VAN_EX1_310,Doomguard,Warlock,Rarity.RARE,5,5,7,<b>Charge</b>. <b>Battlecry:</b> Discard two random cards.
VAN_EX1_312,Twisting Nether,Warlock,Rarity.EPIC,8,0,0,Destroy all minions.
VAN_EX1_313,Pit Lord,Warlock,Rarity.EPIC,4,5,6,<b>Battlecry:</b> Deal 5 damage to your hero.
VAN_EX1_315,Summoning Portal,Warlock,Rarity.COMMON,4,0,4,Your minions cost (2) less but not less than (1).
VAN_EX1_316,Power Overwhelming,Warlock,Rarity.COMMON,1,0,0,Give a friendly minion +4/+4 until end of turn. Then it dies. Horribly.
VAN_EX1_317,Sense Demons,Warlock,Rarity.COMMON,3,0,0,Draw 2 Demonsfrom your deck.
VAN_EX1_319,Flame Imp,Warlock,Rarity.COMMON,1,3,2,<b>Battlecry:</b> Deal 3 damage to your hero.
VAN_EX1_320,Bane of Doom,Warlock,Rarity.EPIC,5,0,0,Deal $2 damage to_a character. If that kills it summon a random Demon.
VAN_EX1_323,Lord Jaraxxus,Warlock,Rarity.LEGENDARY,9,3,15,<b>Battlecry:</b> Destroy your hero and replace it with Lord Jaraxxus.
VAN_EX1_596,Demonfire,Warlock,Rarity.COMMON,2,0,0,Deal $2 damage to a minion. If it’s a friendly Demon give it +2/+2 instead.
VAN_NEW1_003,Sacrificial Pact,Warlock,Rarity.FREE,0,0,0,Destroy a Demon. Restore #5 Health to your hero.
VAN_CS2_103,Charge,Warrior,Rarity.FREE,3,0,0,Give a friendly minion +2 Attack and <b>Charge</b>.
VAN_CS2_104,Rampage,Warrior,Rarity.COMMON,2,0,0,Give a damaged minion +3/+3.
VAN_CS2_105,Heroic Strike,Warrior,Rarity.FREE,2,0,0,Give your hero +4_Attack this turn.
VAN_CS2_106,Fiery War Axe,Warrior,Rarity.FREE,2,3,0,
VAN_CS2_108,Execute,Warrior,Rarity.FREE,1,0,0,Destroy a damaged enemy minion.
VAN_CS2_112,Arcanite Reaper,Warrior,Rarity.FREE,5,5,0,
VAN_CS2_114,Cleave,Warrior,Rarity.FREE,2,0,0,[x]Deal $2 damage totwo random enemyminions.
VAN_EX1_084,Warsong Commander,Warrior,Rarity.FREE,3,2,3,Whenever you summon a minion with 3 or less Attack give it <b>Charge</b>.
VAN_EX1_391,Slam,Warrior,Rarity.COMMON,2,0,0,Deal $2 damage to a minion. If it survives draw a card.
VAN_EX1_392,Battle Rage,Warrior,Rarity.COMMON,2,0,0,Draw a card for each damaged friendly character.
VAN_EX1_398,Arathi Weaponsmith,Warrior,Rarity.COMMON,4,3,3,<b>Battlecry:</b> Equip a 2/2_weapon.
VAN_EX1_400,Whirlwind,Warrior,Rarity.FREE,1,0,0,Deal $1 damage to ALL_minions.
VAN_EX1_402,Armorsmith,Warrior,Rarity.RARE,2,1,4,Whenever a friendly minion_takes damage gain 1 Armor.
VAN_EX1_407,Brawl,Warrior,Rarity.EPIC,5,0,0,Destroy all minions except one. <i>(chosen randomly)</i>
VAN_EX1_408,Mortal Strike,Warrior,Rarity.RARE,4,0,0,Deal $4 damage. If you have 12 or less Health deal $6 instead.
VAN_EX1_409,Upgrade!,Warrior,Rarity.RARE,1,0,0,If you have a weapon give it +1/+1. Otherwise equip a 1/3 weapon.
VAN_EX1_410,Shield Slam,Warrior,Rarity.EPIC,1,0,0,Deal 1 damage to a minion for each Armor you have.
VAN_EX1_411,Gorehowl,Warrior,Rarity.EPIC,7,7,0,Attacking a minion costs 1 Attack instead of 1 Durability.
VAN_EX1_414,Grommash Hellscream,Warrior,Rarity.LEGENDARY,8,4,9,<b>Charge</b><b>Enrage:</b> +6 Attack
VAN_EX1_603,Cruel Taskmaster,Warrior,Rarity.COMMON,2,2,2,<b>Battlecry:</b> Deal 1 damage to a minion and give it +2_Attack.
VAN_EX1_604,Frothing Berserker,Warrior,Rarity.RARE,3,2,4,Whenever a minion takes damage gain +1 Attack.
VAN_EX1_606,Shield Block,Warrior,Rarity.FREE,3,0,0,Gain 5 Armor.Draw a card.
VAN_EX1_607,Inner Rage,Warrior,Rarity.COMMON,0,0,0,Deal $1 damage to a minion and give it +2_Attack.
VAN_NEW1_011,Kor'kron Elite,Warrior,Rarity.FREE,4,4,3,<b>Charge</b>
VAN_NEW1_036,Commanding Shout,Warrior,Rarity.RARE,2,0,0,Your minions can't be reduced below 1 Health this turn. Draw a card.
